geoid,geoid_state,geoid_county,name,variable,estimate,moe,aor
01003,01,003,"baldwin county, alabama",Total Population,218022,NA,NOL
01015,01,015,"calhoun county, alabama",Total Population,114277,NA,NOL
01043,01,043,"cullman county, alabama",Total Population,83442,NA,NOL
01049,01,049,"dekalb county, alabama",Total Population,71385,NA,NOL
01051,01,051,"elmore county, alabama",Total Population,81887,NA,NOL
01055,01,055,"etowah county, alabama",Total Population,102501,NA,NOL
01069,01,069,"houston county, alabama",Total Population,104722,NA,NOL
01073,01,073,"jefferson county, alabama",Total Population,659300,NA,NOL
01077,01,077,"lauderdale county, alabama",Total Population,92387,NA,NOL
01081,01,081,"lee county, alabama",Total Population,163941,NA,NOL
01083,01,083,"limestone county, alabama",Total Population,96174,NA,NOL
01089,01,089,"madison county, alabama",Total Population,366519,NA,NOL
01095,01,095,"marshall county, alabama",Total Population,96109,NA,NOL
01097,01,097,"mobile county, alabama",Total Population,413757,NA,NOL
01101,01,101,"montgomery county, alabama",Total Population,225763,NA,NOL
01103,01,103,"morgan county, alabama",Total Population,119089,NA,NOL
01115,01,115,"st. clair county, alabama",Total Population,88690,NA,NOL
01117,01,117,"shelby county, alabama",Total Population,215707,NA,NOL
01121,01,121,"talladega county, alabama",Total Population,79828,NA,NOL
01125,01,125,"tuscaloosa county, alabama",Total Population,208911,NA,NOL
01127,01,127,"walker county, alabama",Total Population,63711,NA,NOL
02020,02,020,"anchorage municipality, alaska",Total Population,291538,NA,SEA
02090,02,090,"fairbanks north star borough, alaska",Total Population,98971,NA,SEA
02170,02,170,"matanuska-susitna borough, alaska",Total Population,107610,NA,SEA
04001,04,001,"apache county, arizona",Total Population,71818,NA,PHO
04003,04,003,"cochise county, arizona",Total Population,126770,NA,PHO
04005,04,005,"coconino county, arizona",Total Population,142854,NA,PHO
04013,04,013,"maricopa county, arizona",Total Population,4410824,NA,PHO
04015,04,015,"mohave county, arizona",Total Population,209550,NA,PHO
04017,04,017,"navajo county, arizona",Total Population,110445,NA,PHO
04019,04,019,"pima county, arizona",Total Population,1039073,NA,PHO
04021,04,021,"pinal county, arizona",Total Population,447138,NA,PHO
04025,04,025,"yavapai county, arizona",Total Population,231993,NA,PHO
04027,04,027,"yuma county, arizona",Total Population,212128,NA,PHO
05007,05,007,"benton county, arkansas",Total Population,272608,NA,NOL
05031,05,031,"craighead county, arkansas",Total Population,108558,NA,NOL
05045,05,045,"faulkner county, arkansas",Total Population,124806,NA,NOL
05051,05,051,"garland county, arkansas",Total Population,99154,NA,NOL
05069,05,069,"jefferson county, arkansas",Total Population,68114,NA,NOL
05085,05,085,"lonoke county, arkansas",Total Population,73657,NA,NOL
05119,05,119,"pulaski county, arkansas",Total Population,392680,NA,NOL
05125,05,125,"saline county, arkansas",Total Population,121421,NA,NOL
05131,05,131,"sebastian county, arkansas",Total Population,127753,NA,NOL
05143,05,143,"washington county, arkansas",Total Population,236961,NA,NOL
05145,05,145,"white county, arkansas",Total Population,78727,NA,NOL
06001,06,001,"alameda county, california",Total Population,1666753,NA,SFR
06007,06,007,"butte county, california",Total Population,231256,NA,SFR
06013,06,013,"contra costa county, california",Total Population,1150215,NA,SFR
06017,06,017,"el dorado county, california",Total Population,190678,NA,SFR
06019,06,019,"fresno county, california",Total Population,994400,NA,SFR
06023,06,023,"humboldt county, california",Total Population,136373,NA,SFR
06025,06,025,"imperial county, california",Total Population,181827,NA,SND
06029,06,029,"kern county, california",Total Population,896764,NA,SFR
06031,06,031,"kings county, california",Total Population,151366,NA,SFR
06033,06,033,"lake county, california",Total Population,64382,NA,SFR
06037,06,037,"los angeles county, california",Total Population,10105518,NA,LOS
06039,06,039,"madera county, california",Total Population,157672,NA,SFR
06041,06,041,"marin county, california",Total Population,259666,NA,SFR
06045,06,045,"mendocino county, california",Total Population,87606,NA,SFR
06047,06,047,"merced county, california",Total Population,274765,NA,SFR
06053,06,053,"monterey county, california",Total Population,435594,NA,SFR
06055,06,055,"napa county, california",Total Population,139417,NA,SFR
06057,06,057,"nevada county, california",Total Population,99696,NA,SFR
06059,06,059,"orange county, california",Total Population,3185968,NA,LOS
06061,06,061,"placer county, california",Total Population,393149,NA,SFR
06065,06,065,"riverside county, california",Total Population,2450758,NA,LOS
06067,06,067,"sacramento county, california",Total Population,1540975,NA,SFR
06071,06,071,"san bernardino county, california",Total Population,2171603,NA,LOS
06073,06,073,"san diego county, california",Total Population,3343364,NA,SND
06075,06,075,"san francisco county, california",Total Population,883305,NA,SFR
06077,06,077,"san joaquin county, california",Total Population,752660,NA,SFR
06079,06,079,"san luis obispo county, california",Total Population,284010,NA,LOS
06081,06,081,"san mateo county, california",Total Population,769545,NA,SFR
06083,06,083,"santa barbara county, california",Total Population,446527,NA,LOS
06085,06,085,"santa clara county, california",Total Population,1937570,NA,SFR
06087,06,087,"santa cruz county, california",Total Population,274255,NA,SFR
06089,06,089,"shasta county, california",Total Population,180040,NA,SFR
06095,06,095,"solano county, california",Total Population,446610,NA,SFR
06097,06,097,"sonoma county, california",Total Population,499942,NA,SFR
06099,06,099,"stanislaus county, california",Total Population,549815,NA,SFR
06101,06,101,"sutter county, california",Total Population,96807,NA,SFR
06107,06,107,"tulare county, california",Total Population,465861,NA,SFR
06111,06,111,"ventura county, california",Total Population,850967,NA,LOS
06113,06,113,"yolo county, california",Total Population,220408,NA,SFR
06115,06,115,"yuba county, california",Total Population,78041,NA,SFR
08001,08,001,"adams county, colorado",Total Population,511868,NA,DEN
08005,08,005,"arapahoe county, colorado",Total Population,651215,NA,DEN
08013,08,013,"boulder county, colorado",Total Population,326078,NA,DEN
08014,08,014,"broomfield county, colorado",Total Population,69267,NA,DEN
08031,08,031,"denver county, colorado",Total Population,716492,NA,DEN
08035,08,035,"douglas county, colorado",Total Population,342776,NA,DEN
08041,08,041,"el paso county, colorado",Total Population,713856,NA,DEN
08059,08,059,"jefferson county, colorado",Total Population,580233,NA,DEN
08069,08,069,"larimer county, colorado",Total Population,350518,NA,DEN
08077,08,077,"mesa county, colorado",Total Population,153207,NA,DEN
08101,08,101,"pueblo county, colorado",Total Population,167529,NA,DEN
08123,08,123,"weld county, colorado",Total Population,314305,NA,DEN
09001,09,001,"fairfield county, connecticut",Total Population,943823,NA,BOS
09003,09,003,"hartford county, connecticut",Total Population,892697,NA,BOS
09005,09,005,"litchfield county, connecticut",Total Population,181111,NA,BOS
09007,09,007,"middlesex county, connecticut",Total Population,162682,NA,BOS
09009,09,009,"new haven county, connecticut",Total Population,857620,NA,BOS
09011,09,011,"new london county, connecticut",Total Population,266784,NA,BOS
09013,09,013,"tolland county, connecticut",Total Population,150921,NA,BOS
09015,09,015,"windham county, connecticut",Total Population,117027,NA,BOS
10001,10,001,"kent county, delaware",Total Population,178550,NA,PHI
10003,10,003,"new castle county, delaware",Total Population,559335,NA,PHI
10005,10,005,"sussex county, delaware",Total Population,229286,NA,PHI
11001,11,001,"district of columbia, district of columbia",Total Population,702455,NA,WAS
12001,12,001,"alachua county, florida",Total Population,269956,NA,MIA
12005,12,005,"bay county, florida",Total Population,185287,NA,MIA
12009,12,009,"brevard county, florida",Total Population,596849,NA,MIA
12011,12,011,"broward county, florida",Total Population,1951260,NA,MIA
12015,12,015,"charlotte county, florida",Total Population,184998,NA,MIA
12017,12,017,"citrus county, florida",Total Population,147929,NA,MIA
12019,12,019,"clay county, florida",Total Population,216072,NA,MIA
12021,12,021,"collier county, florida",Total Population,378488,NA,MIA
12023,12,023,"columbia county, florida",Total Population,70503,NA,MIA
12031,12,031,"duval county, florida",Total Population,950181,NA,MIA
12033,12,033,"escambia county, florida",Total Population,315534,NA,MIA
12035,12,035,"flagler county, florida",Total Population,112067,NA,MIA
12053,12,053,"hernando county, florida",Total Population,190865,NA,MIA
12055,12,055,"highlands county, florida",Total Population,105424,NA,MIA
12057,12,057,"hillsborough county, florida",Total Population,1436888,NA,MIA
12061,12,061,"indian river county, florida",Total Population,157413,NA,MIA
12069,12,069,"lake county, florida",Total Population,356495,NA,MIA
12071,12,071,"lee county, florida",Total Population,754610,NA,MIA
12073,12,073,"leon county, florida",Total Population,292502,NA,MIA
12081,12,081,"manatee county, florida",Total Population,394855,NA,MIA
12083,12,083,"marion county, florida",Total Population,359977,NA,MIA
12085,12,085,"martin county, florida",Total Population,160912,NA,MIA
12086,12,086,"miami-dade county, florida",Total Population,2761581,NA,MIA
12087,12,087,"monroe county, florida",Total Population,75027,NA,MIA
12089,12,089,"nassau county, florida",Total Population,85832,NA,MIA
12091,12,091,"okaloosa county, florida",Total Population,207269,NA,MIA
12095,12,095,"orange county, florida",Total Population,1380645,NA,MIA
12097,12,097,"osceola county, florida",Total Population,367990,NA,MIA
12099,12,099,"palm beach county, florida",Total Population,1485941,NA,MIA
12101,12,101,"pasco county, florida",Total Population,539630,NA,MIA
12103,12,103,"pinellas county, florida",Total Population,975280,NA,MIA
12105,12,105,"polk county, florida",Total Population,708009,NA,MIA
12107,12,107,"putnam county, florida",Total Population,74163,NA,MIA
12109,12,109,"st. johns county, florida",Total Population,254261,NA,MIA
12111,12,111,"st. lucie county, florida",Total Population,321128,NA,MIA
12113,12,113,"santa rosa county, florida",Total Population,179349,NA,MIA
12115,12,115,"sarasota county, florida",Total Population,426718,NA,MIA
12117,12,117,"seminole county, florida",Total Population,467832,NA,MIA
12119,12,119,"sumter county, florida",Total Population,128754,NA,MIA
12127,12,127,"volusia county, florida",Total Population,547538,NA,MIA
12131,12,131,"walton county, florida",Total Population,71375,NA,MIA
13013,13,013,"barrow county, georgia",Total Population,80809,NA,ATL
13015,13,015,"bartow county, georgia",Total Population,106408,NA,ATL
13021,13,021,"bibb county, georgia",Total Population,153095,NA,ATL
13031,13,031,"bulloch county, georgia",Total Population,77296,NA,ATL
13045,13,045,"carroll county, georgia",Total Population,118121,NA,ATL
13047,13,047,"catoosa county, georgia",Total Population,67420,NA,ATL
13051,13,051,"chatham county, georgia",Total Population,289195,NA,ATL
13057,13,057,"cherokee county, georgia",Total Population,254149,NA,ATL
13059,13,059,"clarke county, georgia",Total Population,127330,NA,ATL
13063,13,063,"clayton county, georgia",Total Population,289615,NA,ATL
13067,13,067,"cobb county, georgia",Total Population,756865,NA,ATL
13073,13,073,"columbia county, georgia",Total Population,154291,NA,ATL
13077,13,077,"coweta county, georgia",Total Population,145864,NA,ATL
13089,13,089,"dekalb county, georgia",Total Population,756558,NA,ATL
13095,13,095,"dougherty county, georgia",Total Population,91243,NA,ATL
13097,13,097,"douglas county, georgia",Total Population,145331,NA,ATL
13113,13,113,"fayette county, georgia",Total Population,113459,NA,ATL
13115,13,115,"floyd county, georgia",Total Population,97927,NA,ATL
13117,13,117,"forsyth county, georgia",Total Population,236612,NA,ATL
13121,13,121,"fulton county, georgia",Total Population,1050114,NA,ATL
13127,13,127,"glynn county, georgia",Total Population,85219,NA,ATL
13135,13,135,"gwinnett county, georgia",Total Population,927781,NA,ATL
13139,13,139,"hall county, georgia",Total Population,202148,NA,ATL
13151,13,151,"henry county, georgia",Total Population,230220,NA,ATL
13153,13,153,"houston county, georgia",Total Population,155469,NA,ATL
13157,13,157,"jackson county, georgia",Total Population,70422,NA,ATL
13185,13,185,"lowndes county, georgia",Total Population,116321,NA,ATL
13215,13,215,"muscogee county, georgia",Total Population,194160,NA,ATL
13217,13,217,"newton county, georgia",Total Population,109541,NA,ATL
13223,13,223,"paulding county, georgia",Total Population,164044,NA,ATL
13245,13,245,"richmond county, georgia",Total Population,201554,NA,ATL
13247,13,247,"rockdale county, georgia",Total Population,90594,NA,ATL
13255,13,255,"spalding county, georgia",Total Population,66100,NA,ATL
13285,13,285,"troup county, georgia",Total Population,70034,NA,ATL
13295,13,295,"walker county, georgia",Total Population,69410,NA,ATL
13297,13,297,"walton county, georgia",Total Population,93503,NA,ATL
13313,13,313,"whitfield county, georgia",Total Population,104062,NA,ATL
15001,15,001,"hawaii county, hawaii",Total Population,200983,NA,SFR
15003,15,003,"honolulu county, hawaii",Total Population,980080,NA,SFR
15007,15,007,"kauai county, hawaii",Total Population,72133,NA,SFR
15009,15,009,"maui county, hawaii",Total Population,167218,59,SFR
16001,16,001,"ada county, idaho",Total Population,469966,NA,SLC
16005,16,005,"bannock county, idaho",Total Population,87138,NA,SLC
16019,16,019,"bonneville county, idaho",Total Population,116854,NA,SLC
16027,16,027,"canyon county, idaho",Total Population,223499,NA,SLC
16055,16,055,"kootenai county, idaho",Total Population,161505,NA,SLC
16083,16,083,"twin falls county, idaho",Total Population,86081,NA,SLC
17001,17,001,"adams county, illinois",Total Population,65691,NA,CHI
17019,17,019,"champaign county, illinois",Total Population,209983,NA,CHI
17031,17,031,"cook county, illinois",Total Population,5180493,NA,CHI
17037,17,037,"dekalb county, illinois",Total Population,104143,NA,CHI
17043,17,043,"dupage county, illinois",Total Population,928589,NA,CHI
17089,17,089,"kane county, illinois",Total Population,534216,NA,CHI
17091,17,091,"kankakee county, illinois",Total Population,110024,NA,CHI
17093,17,093,"kendall county, illinois",Total Population,127915,NA,CHI
17097,17,097,"lake county, illinois",Total Population,700832,NA,CHI
17099,17,099,"lasalle county, illinois",Total Population,109430,NA,CHI
17111,17,111,"mchenry county, illinois",Total Population,308570,NA,CHI
17113,17,113,"mclean county, illinois",Total Population,172828,NA,CHI
17115,17,115,"macon county, illinois",Total Population,104712,NA,CHI
17119,17,119,"madison county, illinois",Total Population,264461,NA,CHI
17143,17,143,"peoria county, illinois",Total Population,180621,NA,CHI
17161,17,161,"rock island county, illinois",Total Population,143477,NA,CHI
17163,17,163,"st. clair county, illinois",Total Population,261059,NA,CHI
17167,17,167,"sangamon county, illinois",Total Population,195348,NA,CHI
17179,17,179,"tazewell county, illinois",Total Population,132328,NA,CHI
17183,17,183,"vermilion county, illinois",Total Population,76806,NA,CHI
17197,17,197,"will county, illinois",Total Population,692310,NA,CHI
17199,17,199,"williamson county, illinois",Total Population,67056,NA,CHI
17201,17,201,"winnebago county, illinois",Total Population,284081,NA,CHI
18003,18,003,"allen county, indiana",Total Population,375351,NA,CHI
18005,18,005,"bartholomew county, indiana",Total Population,82753,NA,CHI
18011,18,011,"boone county, indiana",Total Population,66999,NA,CHI
18019,18,019,"clark county, indiana",Total Population,117360,NA,CHI
18035,18,035,"delaware county, indiana",Total Population,114772,NA,CHI
18039,18,039,"elkhart county, indiana",Total Population,205560,NA,CHI
18043,18,043,"floyd county, indiana",Total Population,77781,NA,CHI
18053,18,053,"grant county, indiana",Total Population,65936,NA,CHI
18057,18,057,"hamilton county, indiana",Total Population,330086,NA,CHI
18059,18,059,"hancock county, indiana",Total Population,76351,NA,CHI
18063,18,063,"hendricks county, indiana",Total Population,167009,NA,CHI
18067,18,067,"howard county, indiana",Total Population,82366,NA,CHI
18081,18,081,"johnson county, indiana",Total Population,156225,NA,CHI
18085,18,085,"kosciusko county, indiana",Total Population,79344,NA,CHI
18089,18,089,"lake county, indiana",Total Population,484411,NA,CHI
18091,18,091,"laporte county, indiana",Total Population,110007,NA,CHI
18095,18,095,"madison county, indiana",Total Population,129641,NA,CHI
18097,18,097,"marion county, indiana",Total Population,954670,NA,CHI
18105,18,105,"monroe county, indiana",Total Population,146917,NA,CHI
18109,18,109,"morgan county, indiana",Total Population,70116,NA,CHI
18127,18,127,"porter county, indiana",Total Population,169594,NA,CHI
18141,18,141,"st. joseph county, indiana",Total Population,270771,NA,CHI
18157,18,157,"tippecanoe county, indiana",Total Population,193048,NA,CHI
18163,18,163,"vanderburgh county, indiana",Total Population,180974,NA,CHI
18167,18,167,"vigo county, indiana",Total Population,107386,NA,CHI
18177,18,177,"wayne county, indiana",Total Population,65936,NA,CHI
19013,19,013,"black hawk county, iowa",Total Population,132408,NA,SPM
19049,19,049,"dallas county, iowa",Total Population,90180,NA,SPM
19061,19,061,"dubuque county, iowa",Total Population,96854,NA,SPM
19103,19,103,"johnson county, iowa",Total Population,151260,NA,SPM
19113,19,113,"linn county, iowa",Total Population,225909,NA,SPM
19153,19,153,"polk county, iowa",Total Population,487204,NA,SPM
19155,19,155,"pottawattamie county, iowa",Total Population,93533,NA,SPM
19163,19,163,"scott county, iowa",Total Population,173283,NA,SPM
19169,19,169,"story county, iowa",Total Population,98105,NA,SPM
19193,19,193,"woodbury county, iowa",Total Population,102539,NA,SPM
20015,20,015,"butler county, kansas",Total Population,66765,NA,CHI
20045,20,045,"douglas county, kansas",Total Population,121436,NA,CHI
20091,20,091,"johnson county, kansas",Total Population,597555,NA,CHI
20103,20,103,"leavenworth county, kansas",Total Population,81352,NA,CHI
20161,20,161,"riley county, kansas",Total Population,73703,NA,CHI
20173,20,173,"sedgwick county, kansas",Total Population,513607,NA,CHI
20177,20,177,"shawnee county, kansas",Total Population,177499,NA,CHI
20209,20,209,"wyandotte county, kansas",Total Population,165324,NA,CHI
21015,21,015,"boone county, kentucky",Total Population,131533,NA,CHI
21029,21,029,"bullitt county, kentucky",Total Population,81069,NA,CHI
21037,21,037,"campbell county, kentucky",Total Population,93152,NA,CHI
21047,21,047,"christian county, kentucky",Total Population,71671,NA,CHI
21059,21,059,"daviess county, kentucky",Total Population,101104,NA,CHI
21067,21,067,"fayette county, kentucky",Total Population,323780,NA,CHI
21093,21,093,"hardin county, kentucky",Total Population,110356,NA,CHI
21111,21,111,"jefferson county, kentucky",Total Population,770517,NA,CHI
21117,21,117,"kenton county, kentucky",Total Population,166051,NA,CHI
21145,21,145,"mccracken county, kentucky",Total Population,65346,NA,CHI
21151,21,151,"madison county, kentucky",Total Population,92368,NA,CHI
21185,21,185,"oldham county, kentucky",Total Population,66470,NA,CHI
21227,21,227,"warren county, kentucky",Total Population,131264,NA,CHI
22005,22,005,"ascension parish, louisiana",Total Population,124672,NA,NOL
22015,22,015,"bossier parish, louisiana",Total Population,127185,NA,NOL
22017,22,017,"caddo parish, louisiana",Total Population,242922,NA,NOL
22019,22,019,"calcasieu parish, louisiana",Total Population,203112,NA,NOL
22033,22,033,"east baton rouge parish, louisiana",Total Population,440956,NA,NOL
22045,22,045,"iberia parish, louisiana",Total Population,70941,NA,NOL
22051,22,051,"jefferson parish, louisiana",Total Population,434051,NA,NOL
22055,22,055,"lafayette parish, louisiana",Total Population,242782,NA,NOL
22057,22,057,"lafourche parish, louisiana",Total Population,98115,NA,NOL
22063,22,063,"livingston parish, louisiana",Total Population,139567,NA,NOL
22071,22,071,"orleans parish, louisiana",Total Population,391006,NA,NOL
22073,22,073,"ouachita parish, louisiana",Total Population,154475,NA,NOL
22079,22,079,"rapides parish, louisiana",Total Population,130562,NA,NOL
22097,22,097,"st. landry parish, louisiana",Total Population,82764,NA,NOL
22103,22,103,"st. tammany parish, louisiana",Total Population,258111,NA,NOL
22105,22,105,"tangipahoa parish, louisiana",Total Population,133777,NA,NOL
22109,22,109,"terrebonne parish, louisiana",Total Population,111021,NA,NOL
23001,23,001,"androscoggin county, maine",Total Population,107679,NA,BOS
23003,23,003,"aroostook county, maine",Total Population,67111,NA,BOS
23005,23,005,"cumberland county, maine",Total Population,293557,NA,BOS
23011,23,011,"kennebec county, maine",Total Population,122083,NA,BOS
23019,23,019,"penobscot county, maine",Total Population,151096,NA,BOS
23031,23,031,"york county, maine",Total Population,206229,NA,BOS
24001,24,001,"allegany county, maryland",Total Population,70975,NA,BAL
24003,24,003,"anne arundel county, maryland",Total Population,576031,NA,BAL
24005,24,005,"baltimore county, maryland",Total Population,828431,NA,BAL
24009,24,009,"calvert county, maryland",Total Population,92003,NA,BAL
24013,24,013,"carroll county, maryland",Total Population,168429,NA,BAL
24015,24,015,"cecil county, maryland",Total Population,102826,NA,BAL
24017,24,017,"charles county, maryland",Total Population,161503,NA,BAL
24021,24,021,"frederick county, maryland",Total Population,255648,NA,BAL
24025,24,025,"harford county, maryland",Total Population,253956,NA,BAL
24027,24,027,"howard county, maryland",Total Population,323196,NA,BAL
24031,24,031,"montgomery county, maryland",Total Population,1052567,NA,BAL
24033,24,033,"prince george's county, maryland",Total Population,909308,NA,BAL
24037,24,037,"st. mary's county, maryland",Total Population,112664,NA,BAL
24043,24,043,"washington county, maryland",Total Population,150926,NA,BAL
24045,24,045,"wicomico county, maryland",Total Population,103195,NA,BAL
24510,24,510,"baltimore city, maryland",Total Population,602495,NA,BAL
25001,25,001,"barnstable county, massachusetts",Total Population,213413,NA,BOS
25003,25,003,"berkshire county, massachusetts",Total Population,126348,NA,BOS
25005,25,005,"bristol county, massachusetts",Total Population,564022,NA,BOS
25009,25,009,"essex county, massachusetts",Total Population,790638,NA,BOS
25011,25,011,"franklin county, massachusetts",Total Population,70963,NA,BOS
25013,25,013,"hampden county, massachusetts",Total Population,470406,NA,BOS
25015,25,015,"hampshire county, massachusetts",Total Population,161355,NA,BOS
25017,25,017,"middlesex county, massachusetts",Total Population,1614714,NA,BOS
25021,25,021,"norfolk county, massachusetts",Total Population,705388,NA,BOS
25023,25,023,"plymouth county, massachusetts",Total Population,518132,NA,BOS
25025,25,025,"suffolk county, massachusetts",Total Population,807252,NA,BOS
25027,25,027,"worcester county, massachusetts",Total Population,830839,NA,BOS
26005,26,005,"allegan county, michigan",Total Population,117327,NA,DET
26017,26,017,"bay county, michigan",Total Population,103923,NA,DET
26021,26,021,"berrien county, michigan",Total Population,154141,NA,DET
26025,26,025,"calhoun county, michigan",Total Population,134487,NA,DET
26037,26,037,"clinton county, michigan",Total Population,79332,NA,DET
26045,26,045,"eaton county, michigan",Total Population,109826,NA,DET
26049,26,049,"genesee county, michigan",Total Population,406892,NA,DET
26055,26,055,"grand traverse county, michigan",Total Population,92573,NA,DET
26065,26,065,"ingham county, michigan",Total Population,292735,NA,DET
26073,26,073,"isabella county, michigan",Total Population,70562,NA,DET
26075,26,075,"jackson county, michigan",Total Population,158823,NA,DET
26077,26,077,"kalamazoo county, michigan",Total Population,264870,NA,DET
26081,26,081,"kent county, michigan",Total Population,653786,NA,DET
26087,26,087,"lapeer county, michigan",Total Population,88028,NA,DET
26091,26,091,"lenawee county, michigan",Total Population,98266,NA,DET
26093,26,093,"livingston county, michigan",Total Population,191224,NA,DET
26099,26,099,"macomb county, michigan",Total Population,874759,NA,DET
26103,26,103,"marquette county, michigan",Total Population,66516,NA,DET
26111,26,111,"midland county, michigan",Total Population,83209,NA,DET
26115,26,115,"monroe county, michigan",Total Population,150439,NA,DET
26121,26,121,"muskegon county, michigan",Total Population,173588,NA,DET
26125,26,125,"oakland county, michigan",Total Population,1259201,NA,DET
26139,26,139,"ottawa county, michigan",Total Population,290494,NA,DET
26145,26,145,"saginaw county, michigan",Total Population,190800,NA,DET
26147,26,147,"st. clair county, michigan",Total Population,159337,NA,DET
26155,26,155,"shiawassee county, michigan",Total Population,68192,NA,DET
26159,26,159,"van buren county, michigan",Total Population,75448,NA,DET
26161,26,161,"washtenaw county, michigan",Total Population,370963,NA,DET
26163,26,163,"wayne county, michigan",Total Population,1753893,NA,DET
27003,27,003,"anoka county, minnesota",Total Population,353813,NA,SPM
27013,27,013,"blue earth county, minnesota",Total Population,67427,NA,SPM
27019,27,019,"carver county, minnesota",Total Population,103551,NA,SPM
27037,27,037,"dakota county, minnesota",Total Population,425423,NA,SPM
27053,27,053,"hennepin county, minnesota",Total Population,1259428,NA,SPM
27109,27,109,"olmsted county, minnesota",Total Population,156277,NA,SPM
27123,27,123,"ramsey county, minnesota",Total Population,550210,NA,SPM
27131,27,131,"rice county, minnesota",Total Population,66523,NA,SPM
27137,27,137,"st. louis county, minnesota",Total Population,199754,NA,SPM
27139,27,139,"scott county, minnesota",Total Population,147381,NA,SPM
27141,27,141,"sherburne county, minnesota",Total Population,96036,NA,SPM
27145,27,145,"stearns county, minnesota",Total Population,159256,NA,SPM
27163,27,163,"washington county, minnesota",Total Population,259201,NA,SPM
27171,27,171,"wright county, minnesota",Total Population,136349,NA,SPM
28033,28,033,"desoto county, mississippi",Total Population,182001,NA,NOL
28035,28,035,"forrest county, mississippi",Total Population,75036,NA,NOL
28047,28,047,"harrison county, mississippi",Total Population,206650,NA,NOL
28049,28,049,"hinds county, mississippi",Total Population,237085,NA,NOL
28059,28,059,"jackson county, mississippi",Total Population,143277,NA,NOL
28067,28,067,"jones county, mississippi",Total Population,68461,NA,NOL
28075,28,075,"lauderdale county, mississippi",Total Population,75317,NA,NOL
28081,28,081,"lee county, mississippi",Total Population,85202,NA,NOL
28089,28,089,"madison county, mississippi",Total Population,105630,NA,NOL
28121,28,121,"rankin county, mississippi",Total Population,153902,NA,NOL
29019,29,019,"boone county, missouri",Total Population,180005,NA,CHI
29021,29,021,"buchanan county, missouri",Total Population,88571,NA,CHI
29031,29,031,"cape girardeau county, missouri",Total Population,78753,NA,CHI
29037,29,037,"cass county, missouri",Total Population,104954,NA,CHI
29043,29,043,"christian county, missouri",Total Population,86983,NA,CHI
29047,29,047,"clay county, missouri",Total Population,246365,NA,CHI
29051,29,051,"cole county, missouri",Total Population,76796,NA,CHI
29071,29,071,"franklin county, missouri",Total Population,103670,NA,CHI
29077,29,077,"greene county, missouri",Total Population,291923,NA,CHI
29095,29,095,"jackson county, missouri",Total Population,700307,NA,CHI
29097,29,097,"jasper county, missouri",Total Population,120636,NA,CHI
29099,29,099,"jefferson county, missouri",Total Population,224347,NA,CHI
29165,29,165,"platte county, missouri",Total Population,102985,NA,CHI
29183,29,183,"st. charles county, missouri",Total Population,399182,NA,CHI
29187,29,187,"st. francois county, missouri",Total Population,66692,NA,CHI
29189,29,189,"st. louis county, missouri",Total Population,996945,NA,CHI
29510,29,510,"st. louis city, missouri",Total Population,302838,NA,CHI
30013,30,013,"cascade county, montana",Total Population,81643,NA,SLC
30029,30,029,"flathead county, montana",Total Population,102106,NA,SLC
30031,30,031,"gallatin county, montana",Total Population,111876,NA,SLC
30049,30,049,"lewis and clark county, montana",Total Population,68700,NA,SLC
30063,30,063,"missoula county, montana",Total Population,118791,NA,SLC
30111,30,111,"yellowstone county, montana",Total Population,160137,NA,SLC
31055,31,055,"douglas county, nebraska",Total Population,566880,NA,SPM
31109,31,109,"lancaster county, nebraska",Total Population,317272,NA,SPM
31153,31,153,"sarpy county, nebraska",Total Population,184459,NA,SPM
32003,32,003,"clark county, nevada",Total Population,2231647,NA,SLC
32031,32,031,"washoe county, nevada",Total Population,465735,NA,SLC
33005,33,005,"cheshire county, new hampshire",Total Population,76493,NA,BOS
33009,33,009,"grafton county, new hampshire",Total Population,89786,NA,BOS
33011,33,011,"hillsborough county, new hampshire",Total Population,415247,NA,BOS
33013,33,013,"merrimack county, new hampshire",Total Population,151132,NA,BOS
33015,33,015,"rockingham county, new hampshire",Total Population,309176,NA,BOS
33017,33,017,"strafford county, new hampshire",Total Population,130090,NA,BOS
34001,34,001,"atlantic county, new jersey",Total Population,265429,NA,NEW
34003,34,003,"bergen county, new jersey",Total Population,936692,NA,NEW
34005,34,005,"burlington county, new jersey",Total Population,445384,NA,NEW
34007,34,007,"camden county, new jersey",Total Population,507078,NA,NEW
34009,34,009,"cape may county, new jersey",Total Population,92560,NA,NEW
34011,34,011,"cumberland county, new jersey",Total Population,150972,NA,NEW
34013,34,013,"essex county, new jersey",Total Population,799767,NA,NEW
34015,34,015,"gloucester county, new jersey",Total Population,291408,NA,NEW
34017,34,017,"hudson county, new jersey",Total Population,676061,NA,NEW
34019,34,019,"hunterdon county, new jersey",Total Population,124714,NA,NEW
34021,34,021,"mercer county, new jersey",Total Population,369811,NA,NEW
34023,34,023,"middlesex county, new jersey",Total Population,829685,NA,NEW
34025,34,025,"monmouth county, new jersey",Total Population,621354,NA,NEW
34027,34,027,"morris county, new jersey",Total Population,494228,NA,NEW
34029,34,029,"ocean county, new jersey",Total Population,601651,NA,NEW
34031,34,031,"passaic county, new jersey",Total Population,503310,NA,NEW
34033,34,033,"salem county, new jersey",Total Population,62607,NA,NEW
34035,34,035,"somerset county, new jersey",Total Population,331164,NA,NEW
34037,34,037,"sussex county, new jersey",Total Population,140799,NA,NEW
34039,34,039,"union county, new jersey",Total Population,558067,NA,NEW
34041,34,041,"warren county, new jersey",Total Population,105779,NA,NEW
35001,35,001,"bernalillo county, new mexico",Total Population,678701,NA,ELP
35005,35,005,"chaves county, new mexico",Total Population,64689,NA,ELP
35013,35,013,"doña ana county, new mexico",Total Population,217522,NA,ELP
35025,35,025,"lea county, new mexico",Total Population,69611,NA,ELP
35031,35,031,"mckinley county, new mexico",Total Population,72290,NA,ELP
35035,35,035,"otero county, new mexico",Total Population,66781,NA,ELP
35043,35,043,"sandoval county, new mexico",Total Population,145179,NA,ELP
35045,35,045,"san juan county, new mexico",Total Population,125043,NA,ELP
35049,35,049,"santa fe county, new mexico",Total Population,150056,NA,ELP
35061,35,061,"valencia county, new mexico",Total Population,76456,NA,ELP
36001,36,001,"albany county, new york",Total Population,307117,NA,BUF
36005,36,005,"bronx county, new york",Total Population,1432132,NA,NYC
36007,36,007,"broome county, new york",Total Population,191659,NA,BUF
36009,36,009,"cattaraugus county, new york",Total Population,76840,NA,BUF
36011,36,011,"cayuga county, new york",Total Population,77145,NA,BUF
36013,36,013,"chautauqua county, new york",Total Population,127939,NA,BUF
36015,36,015,"chemung county, new york",Total Population,84254,NA,BUF
36019,36,019,"clinton county, new york",Total Population,80695,NA,BUF
36027,36,027,"dutchess county, new york",Total Population,293718,NA,NYC
36029,36,029,"erie county, new york",Total Population,919719,NA,BUF
36045,36,045,"jefferson county, new york",Total Population,111755,NA,BUF
36047,36,047,"kings county, new york",Total Population,2582830,NA,NYC
36051,36,051,"livingston county, new york",Total Population,63227,NA,BUF
36053,36,053,"madison county, new york",Total Population,70795,NA,BUF
36055,36,055,"monroe county, new york",Total Population,742474,NA,BUF
36059,36,059,"nassau county, new york",Total Population,1358343,NA,NYC
36061,36,061,"new york county, new york",Total Population,1628701,NA,NYC
36063,36,063,"niagara county, new york",Total Population,210433,NA,BUF
36065,36,065,"oneida county, new york",Total Population,229577,NA,BUF
36067,36,067,"onondaga county, new york",Total Population,461809,NA,BUF
36069,36,069,"ontario county, new york",Total Population,109864,NA,BUF
36071,36,071,"orange county, new york",Total Population,381951,NA,NYC
36075,36,075,"oswego county, new york",Total Population,117898,NA,BUF
36079,36,079,"putnam county, new york",Total Population,98892,NA,NYC
36081,36,081,"queens county, new york",Total Population,2278906,NA,NYC
36083,36,083,"rensselaer county, new york",Total Population,159442,NA,BUF
36085,36,085,"richmond county, new york",Total Population,476179,NA,NYC
36087,36,087,"rockland county, new york",Total Population,325695,NA,NYC
36089,36,089,"st. lawrence county, new york",Total Population,108047,NA,BUF
36091,36,091,"saratoga county, new york",Total Population,230163,NA,BUF
36093,36,093,"schenectady county, new york",Total Population,155350,NA,BUF
36101,36,101,"steuben county, new york",Total Population,95796,NA,BUF
36103,36,103,"suffolk county, new york",Total Population,1481093,NA,NYC
36105,36,105,"sullivan county, new york",Total Population,75498,NA,NYC
36109,36,109,"tompkins county, new york",Total Population,102793,NA,BUF
36111,36,111,"ulster county, new york",Total Population,178599,NA,NYC
36113,36,113,"warren county, new york",Total Population,64265,NA,BUF
36117,36,117,"wayne county, new york",Total Population,90064,NA,BUF
36119,36,119,"westchester county, new york",Total Population,967612,NA,NYC
37001,37,001,"alamance county, north carolina",Total Population,166436,NA,ATL
37019,37,019,"brunswick county, north carolina",Total Population,136744,NA,ATL
37021,37,021,"buncombe county, north carolina",Total Population,259103,NA,ATL
37023,37,023,"burke county, north carolina",Total Population,90382,NA,ATL
37025,37,025,"cabarrus county, north carolina",Total Population,211342,NA,ATL
37027,37,027,"caldwell county, north carolina",Total Population,82029,NA,ATL
37031,37,031,"carteret county, north carolina",Total Population,69524,NA,ATL
37035,37,035,"catawba county, north carolina",Total Population,158652,NA,ATL
37037,37,037,"chatham county, north carolina",Total Population,73139,NA,ATL
37045,37,045,"cleveland county, north carolina",Total Population,97645,NA,ATL
37049,37,049,"craven county, north carolina",Total Population,102912,NA,ATL
37051,37,051,"cumberland county, north carolina",Total Population,332330,NA,ATL
37057,37,057,"davidson county, north carolina",Total Population,166614,NA,ATL
37063,37,063,"durham county, north carolina",Total Population,316739,NA,ATL
37067,37,067,"forsyth county, north carolina",Total Population,379099,NA,ATL
37069,37,069,"franklin county, north carolina",Total Population,67560,NA,ATL
37071,37,071,"gaston county, north carolina",Total Population,222846,NA,ATL
37081,37,081,"guilford county, north carolina",Total Population,533670,NA,ATL
37085,37,085,"harnett county, north carolina",Total Population,134214,NA,ATL
37089,37,089,"henderson county, north carolina",Total Population,116748,NA,ATL
37097,37,097,"iredell county, north carolina",Total Population,178435,NA,ATL
37101,37,101,"johnston county, north carolina",Total Population,202675,NA,ATL
37109,37,109,"lincoln county, north carolina",Total Population,83770,NA,ATL
37119,37,119,"mecklenburg county, north carolina",Total Population,1093901,NA,ATL
37125,37,125,"moore county, north carolina",Total Population,98682,NA,ATL
37127,37,127,"nash county, north carolina",Total Population,94016,NA,ATL
37129,37,129,"new hanover county, north carolina",Total Population,232274,NA,ATL
37133,37,133,"onslow county, north carolina",Total Population,197683,NA,ATL
37135,37,135,"orange county, north carolina",Total Population,146027,NA,ATL
37147,37,147,"pitt county, north carolina",Total Population,179914,NA,ATL
37151,37,151,"randolph county, north carolina",Total Population,143351,NA,ATL
37155,37,155,"robeson county, north carolina",Total Population,131831,NA,ATL
37157,37,157,"rockingham county, north carolina",Total Population,90690,NA,ATL
37159,37,159,"rowan county, north carolina",Total Population,141262,NA,ATL
37161,37,161,"rutherford county, north carolina",Total Population,66826,NA,ATL
37171,37,171,"surry county, north carolina",Total Population,71948,NA,ATL
37179,37,179,"union county, north carolina",Total Population,235908,NA,ATL
37183,37,183,"wake county, north carolina",Total Population,1092305,NA,ATL
37191,37,191,"wayne county, north carolina",Total Population,123248,NA,ATL
37193,37,193,"wilkes county, north carolina",Total Population,68557,NA,ATL
37195,37,195,"wilson county, north carolina",Total Population,81455,NA,ATL
38015,38,015,"burleigh county, north dakota",Total Population,95273,NA,SPM
38017,38,017,"cass county, north dakota",Total Population,181516,NA,SPM
38035,38,035,"grand forks county, north dakota",Total Population,70770,NA,SPM
38101,38,101,"ward county, north dakota",Total Population,67744,NA,SPM
39003,39,003,"allen county, ohio",Total Population,102663,NA,DET
39007,39,007,"ashtabula county, ohio",Total Population,97493,NA,DET
39009,39,009,"athens county, ohio",Total Population,65818,NA,DET
39013,39,013,"belmont county, ohio",Total Population,67505,NA,DET
39017,39,017,"butler county, ohio",Total Population,382378,NA,DET
39023,39,023,"clark county, ohio",Total Population,134585,NA,DET
39025,39,025,"clermont county, ohio",Total Population,205466,NA,DET
39029,39,029,"columbiana county, ohio",Total Population,102665,NA,DET
39035,39,035,"cuyahoga county, ohio",Total Population,1243857,NA,DET
39041,39,041,"delaware county, ohio",Total Population,204826,NA,DET
39043,39,043,"erie county, ohio",Total Population,74615,NA,DET
39045,39,045,"fairfield county, ohio",Total Population,155782,NA,DET
39049,39,049,"franklin county, ohio",Total Population,1310300,NA,DET
39055,39,055,"geauga county, ohio",Total Population,94031,NA,DET
39057,39,057,"greene county, ohio",Total Population,167995,NA,DET
39061,39,061,"hamilton county, ohio",Total Population,816684,NA,DET
39063,39,063,"hancock county, ohio",Total Population,75930,NA,DET
39081,39,081,"jefferson county, ohio",Total Population,65767,NA,DET
39085,39,085,"lake county, ohio",Total Population,230514,NA,DET
39089,39,089,"licking county, ohio",Total Population,175769,NA,DET
39093,39,093,"lorain county, ohio",Total Population,309461,NA,DET
39095,39,095,"lucas county, ohio",Total Population,429899,NA,DET
39099,39,099,"mahoning county, ohio",Total Population,229642,NA,DET
39101,39,101,"marion county, ohio",Total Population,65256,NA,DET
39103,39,103,"medina county, ohio",Total Population,179146,NA,DET
39109,39,109,"miami county, ohio",Total Population,106222,NA,DET
39113,39,113,"montgomery county, ohio",Total Population,532331,NA,DET
39119,39,119,"muskingum county, ohio",Total Population,86183,NA,DET
39133,39,133,"portage county, ohio",Total Population,162927,NA,DET
39139,39,139,"richland county, ohio",Total Population,121099,NA,DET
39141,39,141,"ross county, ohio",Total Population,76931,NA,DET
39145,39,145,"scioto county, ohio",Total Population,75502,NA,DET
39151,39,151,"stark county, ohio",Total Population,371574,NA,DET
39153,39,153,"summit county, ohio",Total Population,541918,NA,DET
39155,39,155,"trumbull county, ohio",Total Population,198627,NA,DET
39157,39,157,"tuscarawas county, ohio",Total Population,92176,NA,DET
39165,39,165,"warren county, ohio",Total Population,232173,NA,DET
39169,39,169,"wayne county, ohio",Total Population,115967,NA,DET
39173,39,173,"wood county, ohio",Total Population,130696,NA,DET
40017,40,017,"canadian county, oklahoma",Total Population,144447,NA,DAL
40027,40,027,"cleveland county, oklahoma",Total Population,281669,NA,DAL
40031,40,031,"comanche county, oklahoma",Total Population,120422,NA,DAL
40037,40,037,"creek county, oklahoma",Total Population,71604,NA,DAL
40101,40,101,"muskogee county, oklahoma",Total Population,68362,NA,DAL
40109,40,109,"oklahoma county, oklahoma",Total Population,792582,NA,DAL
40119,40,119,"payne county, oklahoma",Total Population,82040,NA,DAL
40125,40,125,"pottawatomie county, oklahoma",Total Population,72679,NA,DAL
40131,40,131,"rogers county, oklahoma",Total Population,91984,NA,DAL
40143,40,143,"tulsa county, oklahoma",Total Population,648360,NA,DAL
40145,40,145,"wagoner county, oklahoma",Total Population,80110,NA,DAL
41003,41,003,"benton county, oregon",Total Population,92101,NA,SEA
41005,41,005,"clackamas county, oregon",Total Population,416075,NA,SEA
41017,41,017,"deschutes county, oregon",Total Population,191996,NA,SEA
41019,41,019,"douglas county, oregon",Total Population,110283,NA,SEA
41029,41,029,"jackson county, oregon",Total Population,219564,NA,SEA
41033,41,033,"josephine county, oregon",Total Population,87393,NA,SEA
41035,41,035,"klamath county, oregon",Total Population,67653,NA,SEA
41039,41,039,"lane county, oregon",Total Population,379611,NA,SEA
41043,41,043,"linn county, oregon",Total Population,127335,NA,SEA
41047,41,047,"marion county, oregon",Total Population,346868,NA,SEA
41051,41,051,"multnomah county, oregon",Total Population,811880,NA,SEA
41053,41,053,"polk county, oregon",Total Population,85234,NA,SEA
41059,41,059,"umatilla county, oregon",Total Population,77516,NA,SEA
41067,41,067,"washington county, oregon",Total Population,597695,NA,SEA
41071,41,071,"yamhill county, oregon",Total Population,107002,NA,SEA
42001,42,001,"adams county, pennsylvania",Total Population,102811,NA,PHI
42003,42,003,"allegheny county, pennsylvania",Total Population,1218452,NA,PHI
42005,42,005,"armstrong county, pennsylvania",Total Population,65263,NA,PHI
42007,42,007,"beaver county, pennsylvania",Total Population,164742,NA,PHI
42011,42,011,"berks county, pennsylvania",Total Population,420152,NA,PHI
42013,42,013,"blair county, pennsylvania",Total Population,122492,NA,PHI
42017,42,017,"bucks county, pennsylvania",Total Population,628195,NA,PHI
42019,42,019,"butler county, pennsylvania",Total Population,187888,NA,PHI
42021,42,021,"cambria county, pennsylvania",Total Population,131730,NA,PHI
42025,42,025,"carbon county, pennsylvania",Total Population,64227,NA,PHI
42027,42,027,"centre county, pennsylvania",Total Population,162805,NA,PHI
42029,42,029,"chester county, pennsylvania",Total Population,522046,NA,PHI
42033,42,033,"clearfield county, pennsylvania",Total Population,79388,NA,PHI
42037,42,037,"columbia county, pennsylvania",Total Population,65456,NA,PHI
42039,42,039,"crawford county, pennsylvania",Total Population,85063,NA,PHI
42041,42,041,"cumberland county, pennsylvania",Total Population,251423,NA,PHI
42043,42,043,"dauphin county, pennsylvania",Total Population,277097,NA,PHI
42045,42,045,"delaware county, pennsylvania",Total Population,564751,NA,PHI
42049,42,049,"erie county, pennsylvania",Total Population,272061,NA,PHI
42051,42,051,"fayette county, pennsylvania",Total Population,130441,NA,PHI
42055,42,055,"franklin county, pennsylvania",Total Population,154835,NA,PHI
42063,42,063,"indiana county, pennsylvania",Total Population,84501,NA,PHI
42069,42,069,"lackawanna county, pennsylvania",Total Population,210793,NA,PHI
42071,42,071,"lancaster county, pennsylvania",Total Population,543557,NA,PHI
42073,42,073,"lawrence county, pennsylvania",Total Population,86184,NA,PHI
42075,42,075,"lebanon county, pennsylvania",Total Population,141314,NA,PHI
42077,42,077,"lehigh county, pennsylvania",Total Population,368100,NA,PHI
42079,42,079,"luzerne county, pennsylvania",Total Population,317646,NA,PHI
42081,42,081,"lycoming county, pennsylvania",Total Population,113664,NA,PHI
42085,42,085,"mercer county, pennsylvania",Total Population,110683,NA,PHI
42089,42,089,"monroe county, pennsylvania",Total Population,169507,NA,PHI
42091,42,091,"montgomery county, pennsylvania",Total Population,828604,NA,PHI
42095,42,095,"northampton county, pennsylvania",Total Population,304807,NA,PHI
42097,42,097,"northumberland county, pennsylvania",Total Population,91083,NA,PHI
42101,42,101,"philadelphia county, pennsylvania",Total Population,1584138,NA,PHI
42107,42,107,"schuylkill county, pennsylvania",Total Population,142067,NA,PHI
42111,42,111,"somerset county, pennsylvania",Total Population,73952,NA,PHI
42125,42,125,"washington county, pennsylvania",Total Population,207346,NA,PHI
42129,42,129,"westmoreland county, pennsylvania",Total Population,350611,NA,PHI
42133,42,133,"york county, pennsylvania",Total Population,448273,NA,PHI
44003,44,003,"kent county, rhode island",Total Population,163861,NA,BOS
44005,44,005,"newport county, rhode island",Total Population,82542,NA,BOS
44007,44,007,"providence county, rhode island",Total Population,636084,NA,BOS
44009,44,009,"washington county, rhode island",Total Population,126179,NA,BOS
45003,45,003,"aiken county, south carolina",Total Population,169401,NA,ATL
45007,45,007,"anderson county, south carolina",Total Population,200482,NA,ATL
45013,45,013,"beaufort county, south carolina",Total Population,188715,NA,ATL
45015,45,015,"berkeley county, south carolina",Total Population,221091,NA,ATL
45019,45,019,"charleston county, south carolina",Total Population,405905,NA,ATL
45031,45,031,"darlington county, south carolina",Total Population,66802,NA,ATL
45035,45,035,"dorchester county, south carolina",Total Population,160647,NA,ATL
45041,45,041,"florence county, south carolina",Total Population,138159,NA,ATL
45045,45,045,"greenville county, south carolina",Total Population,514213,NA,ATL
45047,45,047,"greenwood county, south carolina",Total Population,70741,NA,ATL
45051,45,051,"horry county, south carolina",Total Population,344147,NA,ATL
45055,45,055,"kershaw county, south carolina",Total Population,65592,NA,ATL
45057,45,057,"lancaster county, south carolina",Total Population,95380,NA,ATL
45059,45,059,"laurens county, south carolina",Total Population,66994,NA,ATL
45063,45,063,"lexington county, south carolina",Total Population,295032,NA,ATL
45073,45,073,"oconee county, south carolina",Total Population,78374,NA,ATL
45075,45,075,"orangeburg county, south carolina",Total Population,86934,NA,ATL
45077,45,077,"pickens county, south carolina",Total Population,124937,NA,ATL
45079,45,079,"richland county, south carolina",Total Population,414576,NA,ATL
45083,45,083,"spartanburg county, south carolina",Total Population,313888,NA,ATL
45085,45,085,"sumter county, south carolina",Total Population,106512,NA,ATL
45091,45,091,"york county, south carolina",Total Population,274118,NA,ATL
46099,46,099,"minnehaha county, south dakota",Total Population,192876,NA,SPM
46103,46,103,"pennington county, south dakota",Total Population,111729,NA,SPM
47001,47,001,"anderson county, tennessee",Total Population,76482,NA,NOL
47009,47,009,"blount county, tennessee",Total Population,131349,NA,NOL
47011,47,011,"bradley county, tennessee",Total Population,106727,NA,NOL
47037,47,037,"davidson county, tennessee",Total Population,692587,NA,NOL
47059,47,059,"greene county, tennessee",Total Population,69087,NA,NOL
47065,47,065,"hamilton county, tennessee",Total Population,364286,NA,NOL
47093,47,093,"knox county, tennessee",Total Population,465289,NA,NOL
47113,47,113,"madison county, tennessee",Total Population,97605,NA,NOL
47119,47,119,"maury county, tennessee",Total Population,94340,NA,NOL
47125,47,125,"montgomery county, tennessee",Total Population,205950,NA,NOL
47141,47,141,"putnam county, tennessee",Total Population,78843,NA,NOL
47147,47,147,"robertson county, tennessee",Total Population,71012,NA,NOL
47149,47,149,"rutherford county, tennessee",Total Population,324890,NA,NOL
47155,47,155,"sevier county, tennessee",Total Population,97892,NA,NOL
47157,47,157,"shelby county, tennessee",Total Population,935764,NA,NOL
47163,47,163,"sullivan county, tennessee",Total Population,157668,NA,NOL
47165,47,165,"sumner county, tennessee",Total Population,187149,NA,NOL
47179,47,179,"washington county, tennessee",Total Population,128607,NA,NOL
47187,47,187,"williamson county, tennessee",Total Population,231729,NA,NOL
47189,47,189,"wilson county, tennessee",Total Population,140625,NA,NOL
48005,48,005,"angelina county, texas",Total Population,87092,NA,HOU
48021,48,021,"bastrop county, texas",Total Population,86976,NA,SNA
48027,48,027,"bell county, texas",Total Population,355642,NA,SNA
48029,48,029,"bexar county, texas",Total Population,1986049,NA,SNA
48037,48,037,"bowie county, texas",Total Population,94324,NA,DAL
48039,48,039,"brazoria county, texas",Total Population,370200,NA,HOU
48041,48,041,"brazos county, texas",Total Population,226758,NA,HOU
48061,48,061,"cameron county, texas",Total Population,423908,NA,SNA
48085,48,085,"collin county, texas",Total Population,1005146,NA,DAL
48091,48,091,"comal county, texas",Total Population,148373,NA,SNA
48099,48,099,"coryell county, texas",Total Population,74808,NA,SNA
48113,48,113,"dallas county, texas",Total Population,2637772,NA,DAL
48121,48,121,"denton county, texas",Total Population,859064,NA,DAL
48135,48,135,"ector county, texas",Total Population,162124,NA,ELP
48139,48,139,"ellis county, texas",Total Population,179436,NA,DAL
48141,48,141,"el paso county, texas",Total Population,840758,NA,ELP
48157,48,157,"fort bend county, texas",Total Population,787858,NA,HOU
48167,48,167,"galveston county, texas",Total Population,337890,NA,HOU
48181,48,181,"grayson county, texas",Total Population,133991,NA,DAL
48183,48,183,"gregg county, texas",Total Population,123707,NA,DAL
48187,48,187,"guadalupe county, texas",Total Population,163694,NA,SNA
48201,48,201,"harris county, texas",Total Population,4698619,NA,HOU
48203,48,203,"harrison county, texas",Total Population,66726,NA,DAL
48209,48,209,"hays county, texas",Total Population,222631,NA,SNA
48213,48,213,"henderson county, texas",Total Population,82299,NA,DAL
48215,48,215,"hidalgo county, texas",Total Population,865939,NA,SNA
48231,48,231,"hunt county, texas",Total Population,96493,NA,DAL
48245,48,245,"jefferson county, texas",Total Population,255001,NA,HOU
48251,48,251,"johnson county, texas",Total Population,171361,NA,DAL
48257,48,257,"kaufman county, texas",Total Population,128622,NA,DAL
48291,48,291,"liberty county, texas",Total Population,86323,NA,HOU
48303,48,303,"lubbock county, texas",Total Population,307412,NA,DAL
48309,48,309,"mclennan county, texas",Total Population,254607,NA,SNA
48329,48,329,"midland county, texas",Total Population,172578,NA,ELP
48339,48,339,"montgomery county, texas",Total Population,590925,NA,HOU
48347,48,347,"nacogdoches county, texas",Total Population,65711,NA,HOU
48355,48,355,"nueces county, texas",Total Population,362265,NA,HOU
48361,48,361,"orange county, texas",Total Population,83572,NA,HOU
48367,48,367,"parker county, texas",Total Population,138371,NA,DAL
48375,48,375,"potter county, texas",Total Population,119648,NA,DAL
48381,48,381,"randall county, texas",Total Population,136271,NA,DAL
48397,48,397,"rockwall county, texas",Total Population,100657,NA,DAL
48409,48,409,"san patricio county, texas",Total Population,66893,NA,HOU
48423,48,423,"smith county, texas",Total Population,230221,NA,DAL
48439,48,439,"tarrant county, texas",Total Population,2084931,NA,DAL
48441,48,441,"taylor county, texas",Total Population,137640,NA,DAL
48451,48,451,"tom green county, texas",Total Population,118189,NA,DAL
48453,48,453,"travis county, texas",Total Population,1248743,NA,SNA
48469,48,469,"victoria county, texas",Total Population,92035,NA,HOU
48471,48,471,"walker county, texas",Total Population,72480,NA,HOU
48479,48,479,"webb county, texas",Total Population,275910,NA,SNA
48485,48,485,"wichita county, texas",Total Population,132064,NA,DAL
48491,48,491,"williamson county, texas",Total Population,566719,NA,SNA
48497,48,497,"wise county, texas",Total Population,68305,NA,DAL
49005,49,005,"cache county, utah",Total Population,127068,NA,SLC
49011,49,011,"davis county, utah",Total Population,351713,NA,SLC
49035,49,035,"salt lake county, utah",Total Population,1152633,NA,SLC
49045,49,045,"tooele county, utah",Total Population,69907,NA,SLC
49049,49,049,"utah county, utah",Total Population,622213,NA,SLC
49053,49,053,"washington county, utah",Total Population,171700,NA,SLC
49057,49,057,"weber county, utah",Total Population,256359,NA,SLC
50007,50,007,"chittenden county, vermont",Total Population,164572,NA,BOS
51003,51,003,"albemarle county, virginia",Total Population,108718,NA,WAS
51013,51,013,"arlington county, virginia",Total Population,237521,NA,WAS
51015,51,015,"augusta county, virginia",Total Population,75457,NA,WAS
51019,51,019,"bedford county, virginia",Total Population,78747,NA,WAS
51041,51,041,"chesterfield county, virginia",Total Population,348556,NA,WAS
51059,51,059,"fairfax county, virginia",Total Population,1150795,NA,WAS
51061,51,061,"fauquier county, virginia",Total Population,70675,NA,WAS
51069,51,069,"frederick county, virginia",Total Population,88355,NA,WAS
51085,51,085,"hanover county, virginia",Total Population,107239,NA,WAS
51087,51,087,"henrico county, virginia",Total Population,329261,NA,WAS
51095,51,095,"james city county, virginia",Total Population,76397,NA,WAS
51107,51,107,"loudoun county, virginia",Total Population,406850,NA,WAS
51121,51,121,"montgomery county, virginia",Total Population,98985,NA,WAS
51153,51,153,"prince william county, virginia",Total Population,468011,NA,WAS
51161,51,161,"roanoke county, virginia",Total Population,94073,NA,WAS
51165,51,165,"rockingham county, virginia",Total Population,81244,NA,WAS
51177,51,177,"spotsylvania county, virginia",Total Population,134238,NA,WAS
51179,51,179,"stafford county, virginia",Total Population,149960,NA,WAS
51199,51,199,"york county, virginia",Total Population,67846,NA,WAS
51510,51,510,"alexandria city, virginia",Total Population,160530,NA,WAS
51550,51,550,"chesapeake city, virginia",Total Population,242634,NA,WAS
51650,51,650,"hampton city, virginia",Total Population,134313,NA,WAS
51680,51,680,"lynchburg city, virginia",Total Population,82126,NA,WAS
51700,51,700,"newport news city, virginia",Total Population,178626,NA,WAS
51710,51,710,"norfolk city, virginia",Total Population,244076,NA,WAS
51740,51,740,"portsmouth city, virginia",Total Population,94632,NA,WAS
51760,51,760,"richmond city, virginia",Total Population,228783,NA,WAS
51770,51,770,"roanoke city, virginia",Total Population,99920,NA,WAS
51800,51,800,"suffolk city, virginia",Total Population,91185,NA,WAS
51810,51,810,"virginia beach city, virginia",Total Population,450189,NA,WAS
53005,53,005,"benton county, washington",Total Population,201877,NA,SEA
53007,53,007,"chelan county, washington",Total Population,77036,NA,SEA
53009,53,009,"clallam county, washington",Total Population,76737,NA,SEA
53011,53,011,"clark county, washington",Total Population,481857,NA,SEA
53015,53,015,"cowlitz county, washington",Total Population,108987,NA,SEA
53021,53,021,"franklin county, washington",Total Population,94347,NA,SEA
53025,53,025,"grant county, washington",Total Population,97331,NA,SEA
53027,53,027,"grays harbor county, washington",Total Population,73901,NA,SEA
53029,53,029,"island county, washington",Total Population,84460,NA,SEA
53033,53,033,"king county, washington",Total Population,2233163,NA,SEA
53035,53,035,"kitsap county, washington",Total Population,269805,NA,SEA
53041,53,041,"lewis county, washington",Total Population,79604,NA,SEA
53045,53,045,"mason county, washington",Total Population,65507,NA,SEA
53053,53,053,"pierce county, washington",Total Population,891299,NA,SEA
53057,53,057,"skagit county, washington",Total Population,128206,NA,SEA
53061,53,061,"snohomish county, washington",Total Population,814901,NA,SEA
53063,53,063,"spokane county, washington",Total Population,514631,NA,SEA
53067,53,067,"thurston county, washington",Total Population,286419,NA,SEA
53073,53,073,"whatcom county, washington",Total Population,225685,NA,SEA
53077,53,077,"yakima county, washington",Total Population,251446,NA,SEA
54003,54,003,"berkeley county, west virginia",Total Population,117123,NA,PHI
54011,54,011,"cabell county, west virginia",Total Population,93224,NA,PHI
54033,54,033,"harrison county, west virginia",Total Population,67554,NA,PHI
54039,54,039,"kanawha county, west virginia",Total Population,180454,NA,PHI
54061,54,061,"monongalia county, west virginia",Total Population,106420,NA,PHI
54081,54,081,"raleigh county, west virginia",Total Population,74254,NA,PHI
54107,54,107,"wood county, west virginia",Total Population,84203,NA,PHI
55009,55,009,"brown county, wisconsin",Total Population,263378,NA,CHI
55025,55,025,"dane county, wisconsin",Total Population,542364,NA,CHI
55027,55,027,"dodge county, wisconsin",Total Population,87847,NA,CHI
55035,55,035,"eau claire county, wisconsin",Total Population,104534,NA,CHI
55039,55,039,"fond du lac county, wisconsin",Total Population,103066,NA,CHI
55055,55,055,"jefferson county, wisconsin",Total Population,85129,NA,CHI
55059,55,059,"kenosha county, wisconsin",Total Population,169290,NA,CHI
55063,55,063,"la crosse county, wisconsin",Total Population,118230,NA,CHI
55071,55,071,"manitowoc county, wisconsin",Total Population,79074,NA,CHI
55073,55,073,"marathon county, wisconsin",Total Population,135428,NA,CHI
55079,55,079,"milwaukee county, wisconsin",Total Population,948201,NA,CHI
55087,55,087,"outagamie county, wisconsin",Total Population,187365,NA,CHI
55089,55,089,"ozaukee county, wisconsin",Total Population,89147,NA,CHI
55097,55,097,"portage county, wisconsin",Total Population,70942,NA,CHI
55101,55,101,"racine county, wisconsin",Total Population,196584,NA,CHI
55105,55,105,"rock county, wisconsin",Total Population,163129,NA,CHI
55109,55,109,"st. croix county, wisconsin",Total Population,89694,NA,CHI
55117,55,117,"sheboygan county, wisconsin",Total Population,115456,NA,CHI
55127,55,127,"walworth county, wisconsin",Total Population,103718,NA,CHI
55131,55,131,"washington county, wisconsin",Total Population,135693,NA,CHI
55133,55,133,"waukesha county, wisconsin",Total Population,403072,NA,CHI
55139,55,139,"winnebago county, wisconsin",Total Population,171020,NA,CHI
55141,55,141,"wood county, wisconsin",Total Population,73055,NA,CHI
56021,56,021,"laramie county, wyoming",Total Population,98976,NA,DEN
56025,56,025,"natrona county, wyoming",Total Population,79115,NA,DEN
72013,72,013,"arecibo municipio, puerto rico",Total Population,82114,NA,MIA
72021,72,021,"bayamón municipio, puerto rico",Total Population,170480,NA,MIA
72025,72,025,"caguas municipio, puerto rico",Total Population,124434,NA,MIA
72031,72,031,"carolina municipio, puerto rico",Total Population,147661,NA,MIA
72061,72,061,"guaynabo municipio, puerto rico",Total Population,83787,NA,MIA
72097,72,097,"mayagüez municipio, puerto rico",Total Population,71986,NA,MIA
72113,72,113,"ponce municipio, puerto rico",Total Population,133191,NA,MIA
72127,72,127,"san juan municipio, puerto rico",Total Population,320967,NA,MIA
72135,72,135,"toa alta municipio, puerto rico",Total Population,71094,NA,MIA
72137,72,137,"toa baja municipio, puerto rico",Total Population,74623,NA,MIA
72139,72,139,"trujillo alto municipio, puerto rico",Total Population,63746,NA,MIA
